{
  "version": 1,
  "license": "CC-BY-SA-3.0",
  "copyright": "Taken from tgstation (obj/storage/closet.dmi, obj/service/bureaucracy.dmi), modified by Whatstone (Discord).  broken, inhand-left, inhand-right by Whatstone.",
  "size": {
    "x": 32,
    "y": 32
  },
  "states": [
    {
      "name": "broken"
    },
    {
      "name": "fragile"
    },
    {
      "name": "icon"
    },
    {
      "name": "inhand-left",
      "directions": 4
    },
    {
      "name": "inhand-right",
      "directions": 4
    },
    {
      "name": "locked"
    },
    {
      "name": "priority"
    },
    {
      "name": "priority_inactive"
    },
    {
      "name": "trash"
    },
    {
      "name": "postmark"
    }
  ]
}
