{
  "version": 1,
  "license": "CC-BY-SA-3.0",
  "copyright": "Taken from tgstation at https://github.com/tgstation/tgstation/commit/1516a728931b4985c1e86f0c5995a5aa1554a1ad and modified by Swept",
  "size": {
    "x": 32,
    "y": 32
  },
  "states": [
    {
      "name": "normal-unshaded",
      "delays": [
        [
          2.5,
          0.05,
          3.4
        ]
      ]
    },
    {
      "name": "broken"
    },
    {
      "name": "deny-unshaded",
      "delays": [
        [
          0.1,
          0.1,
          0.1
        ]
      ]
    },
    {
      "name": "off"
    },
    {
      "name": "panel"
    },
    {
      "name": "eject-unshaded",
      "delays": [
        [
          0.1,
          0.1,
          0.8,
          0.1,
          0.1
        ]
      ]
    }
  ]
}
